USE open_talent_db;

-- 1. Insertar roles
INSERT INTO Roles (nombre, descripcion) VALUES
('ADMIN', 'Administrador del sistema'),
('USUARIO', 'Usuario registrado'),
('EMPRESA', 'Empresa registrada');

-- 2. Insertar dirección genérica
INSERT INTO Direcciones (calle, pais, codigo_postal, provincia, poblacion) VALUES
('Calle Falsa 123', 'España', '28080', 'Madrid', 'Madrid');

INSERT INTO Empresas (cif, nombre_empresa, activo, descripcion, email, foto, foto_contenido, id_direccion, destacado) VALUES
('CIFEMPRESA1', 'EmpresaDePrueba', True, 'esto es una empresa de prueba.', 'prueba@correo.com', 'https://cdn.pixabay.com/photo/2018/03/02/13/36/glass-products-3193192_1280.jpg', 'https://www.stelorder.com/wp-content/uploads/2021/09/portada-empresa.jpg', 1, True);
-- Usuarios con roles predefinidos
INSERT INTO Usuarios (nombre, apellidos, email, username, password, activo, id_direccion, cif, id_rol, foto_perfil) VALUES
('Admin', 'Root', 'admin@demo.com', 'admin', '{noop}1234', TRUE, 1, NULL, 1, 'https://images.unsplash.com/photo-1599566150163-29194dcaad36'),
('Usuario', 'Normal', 'usuario@demo.com', 'usuario', '{noop}1234', TRUE, 1, NULL, 2, 'https://images.unsplash.com/photo-1544723795-3fb6469f5b39'),
('Empresa', 'S.L.', 'empresauser@demo.com', 'empresa', '{noop}1234', TRUE, 1, 'CIFEMPRESA1', 3, 'https://images.unsplash.com/photo-1552374196-c4e7ffc6e126');

-- #################################################################
INSERT INTO Sectores (nombre, descripcion) VALUES
('Tecnología', 'Sector de IT y software'),
('Salud', 'Sector sanitario y farmacéutico'),
('Educación', 'Sector educativo y académico'),
('Energía', 'Sector energético y renovables'),
('Finanzas', 'Sector bancario y financiero'),
('Logística', 'Transporte, distribución y cadena de suministro'),
('Turismo', 'Viajes, hostelería y ocio'),
('Construcción', 'Obras públicas y privadas'),
('Marketing', 'Publicidad, comunicación y ventas'),
('Legal', 'Servicios jurídicos y legales'),
('Diseño', 'Diseño gráfico, industrial y UX/UI');

INSERT INTO Empresas (cif, nombre_empresa, activo, descripcion, email, foto, foto_contenido, id_direccion, destacado) VALUES
('CIFEMPR100', 'TechNova', True, 'TechNova es una empresa líder en su sector con años de experiencia.', 'technova@correo.com', 'https://encrypted-tbn0.gstatic.com/images?q=tbn:ANd9GcRs4HqCs1fQedgwdHCy5yLg5EDBSJKhPiuDdQ&s', 'https://advantys.es/wp-content/uploads/2022/11/empresas-edificios.jpg', 1, True),
('CIFEMPR101', 'BioSalud', True, 'BioSalud es una empresa líder en su sector con años de experiencia.', 'biosalud@correo.com', 'https://www.dilitrust.com/wp-content/uploads/benefits_second_480.jpg', 'https://encrypted-tbn0.gstatic.com/images?q=tbn:ANd9GcSsj5lU3QxUd9GPMDqS1dCz2cj6LYEB9a5ayQ&s', 1, True),
('CIFEMPR102', 'EduSmart', True, 'EduSmart es una empresa líder en su sector con años de experiencia.', 'edusmart@correo.com', 'https://ferreteria-y-bricolaje.cdecomunicacion.es/wp-content/webp-express/webp-images/uploads/2022/12/Evolucion-de-empresas-dibujo-recurso.jpg.webp', 'https://www.dilitrust.com/wp-content/uploads/benefits_second_480.jpg', 1, True),
('CIFEMPR103', 'GreenPower', True, 'GreenPower es una empresa líder en su sector con años de experiencia.', 'greenpower@correo.com', 'https://abana.es/wp-content/uploads/2022/11/2022_abana_archivos-de-empresa.jpg', 'https://jlcasajuanaabogados.com/wp-content/uploads/2023/05/La-fusion-de-empresas-clases-y-procedimiento.jpg', 1, True),
('CIFEMPR104', 'FinPro', True, 'FinPro es una empresa líder en su sector con años de experiencia.', 'finpro@correo.com', 'https://encrypted-tbn0.gstatic.com/images?q=tbn:ANd9GcSEDVf__VHoJCSL1pvTs0BwweZdZEQoukjLeQ&s', 'https://encrypted-tbn0.gstatic.com/images?q=tbn:ANd9GcRC7Jo77USJvGXt4mR3EvS1JatYcyVwW9dXCw&s', 1, True),
('CIFEMPR105', 'LogiChain', True, 'LogiChain es una empresa líder en su sector con años de experiencia.', 'logichain@correo.com', 'https://www.signaturit.com/wp-content/uploads/2023/12/183-NEW-blog-banners.jpg', 'https://media.gettyimages.com/id/1187179171/es/foto/oficina-futurista.jpg?s=612x612&w=gi&k=20&c=thwUCUggDlg7Cx2j9Rs6fxVzrjQopBZC3Vpirl-ez2s=', 1, True),
('CIFEMPR106', 'VivaTour', True, 'VivaTour es una empresa líder en su sector con años de experiencia.', 'vivatour@correo.com', 'https://grupoioe.es/wp-content/uploads/2022/02/empresas-de-servicios-destacada.jpg', 'https://encrypted-tbn0.gstatic.com/images?q=tbn:ANd9GcSNdVSDqvJGjF6zgu7VzOr1kmpdCukxpRht1Q&s', 1, True),
('CIFEMPR107', 'BuildRight', True, 'BuildRight es una empresa líder en su sector con años de experiencia.', 'buildright@correo.com', 'https://emprendedores.es/wp-content/uploads/COMUNICAR-1024x555.jpeg', 'https://www.esic.edu/sites/default/files/2024-02/empresas%20comprometidas%20con%20el%20medio%20ambiente%2C%20empresas%20que%20ayudan%20al%20medio%20ambiente%2C%20ejemplos%20de%20empresas%20responsables%20con%20el%20medio%20ambiente.jpeg', 1, True),
('CIFEMPR108', 'AdVision', True, 'AdVision es una empresa líder en su sector con años de experiencia.', 'advision@correo.com', 'https://www.shutterstock.com/image-photo/budget-financial-planning-concept-calculate-260nw-2605882397.jpg', 'https://static.vecteezy.com/system/resources/thumbnails/008/011/885/small/solution-businessman-pressing-on-touch-screen-interface-inscription-solutions-business-concept-internet-concept-photo.jpg', 1, False),
('CIFEMPR109', 'LexGlobal', True, 'LexGlobal es una empresa líder en su sector con años de experiencia.', 'lexglobal@correo.com', 'https://encrypted-tbn0.gstatic.com/images?q=tbn:ANd9GcQ37eEBhDnv9FwVJ5W9_vPs2lK14hA485ybnQ&s', 'https://encrypted-tbn0.gstatic.com/images?q=tbn:ANd9GcSC9iPRokleOSzo3EAEwL0DYdxcMcVVBm6kqw&s', 1, True),
('CIFEMPR110', 'UXCraft', True, 'UXCraft es una empresa líder en su sector con años de experiencia.', 'uxcraft@correo.com', 'https://encrypted-tbn0.gstatic.com/images?q=tbn:ANd9GcSK4KzGaKRf1uYl7Uwkfswmsx-V5yiQTkKcDA&s', 'https://encrypted-tbn0.gstatic.com/images?q=tbn:ANd9GcQo6bH5GsO7MB0SqI4iXWz0CBiEWGkpQo3S5w&s', 1, True),
('CIFEMPR111', 'CodeForge', True, 'CodeForge es una empresa líder en su sector con años de experiencia.', 'codeforge@correo.com', 'https://e00-expansion.uecdn.es/assets/multimedia/imagenes/2016/10/10/14760917222258.jpg', 'https://media.istockphoto.com/id/1453843862/es/foto/reuni%C3%B3n-de-negocios.jpg?s=612x612&w=0&k=20&c=npYuXIMxYxNzUPCTgqDxbtco5Wi3mFAcilVT2E8z3Hg=', 1, True),
('CIFEMPR112', 'InnovaTech', True, 'InnovaTech es una empresa líder en su sector con años de experiencia.', 'innovatech@correo.com', 'https://www.trabajandoenti.com/blog_images/que-esperan-las-empresas-de-ti-consejos-practicos-1000x700.jpg', 'https://media.istockphoto.com/id/1453843862/es/foto/reuni%C3%B3n-de-negocios.jpg?s=612x612&w=0&k=20&c=npYuXIMxYxNzUPCTgqDxbtco5Wi3mFAcilVT2E8z3Hg=', 1, True),
('CIFEMPR113', 'SafeMed', True, 'SafeMed es una empresa líder en su sector con años de experiencia.', 'safemed@correo.com', 'https://ildefe.es/wp-content/uploads/2020/03/empresas-300x300.png', 'https://media.gettyimages.com/id/2094337676/es/foto/equipo-diverso-que-trabaja-en-conjunto-en-un-moderno-espacio-de-coworking.jpg?s=612x612&w=gi&k=20&c=CHlniGZhlL_ruWQfJoNIKhBMdiIg8TL3nZxI98tc7Zk=', 1, False),
('CIFEMPR114', 'GlobalEd', True, 'GlobalEd es una empresa líder en su sector con años de experiencia.', 'globaled@correo.com', 'https://www.shutterstock.com/image-photo/two-millennial-businessmen-shake-hands-260nw-2585940101.jpg', 'https://universidadeuropea.com/resources/media/images/internacionalizacion-empresas-1200.2e16d0ba.fill-767x384.jpg', 1, True);

INSERT INTO Empresa_Sector (cif, id_sector) VALUES
('CIFEMPRESA1',1),
('CIFEMPR100', 5),
('CIFEMPR100', 6),
('CIFEMPR101', 2),
('CIFEMPR101', 1),
('CIFEMPR102', 7),
('CIFEMPR102', 9),
('CIFEMPR102', 10),
('CIFEMPR103', 3),
('CIFEMPR103', 9),
('CIFEMPR103', 5),
('CIFEMPR104', 5),
('CIFEMPR104', 9),
('CIFEMPR105', 11),
('CIFEMPR105', 8),
('CIFEMPR106', 9),
('CIFEMPR106', 2),
('CIFEMPR106', 8),
('CIFEMPR107', 8),
('CIFEMPR107', 5),
('CIFEMPR107', 11),
('CIFEMPR108', 1),
('CIFEMPR108', 4),
('CIFEMPR109', 3),
('CIFEMPR109', 5),
('CIFEMPR110', 3),
('CIFEMPR110', 10),
('CIFEMPR111', 8),
('CIFEMPR111', 3),
('CIFEMPR111', 6),
('CIFEMPR112', 4),
('CIFEMPR112', 10),
('CIFEMPR113', 9),
('CIFEMPR113', 8),
('CIFEMPR113', 5),
('CIFEMPR114', 8),
('CIFEMPR114', 5);

INSERT INTO Ofertas (titulo, descripcion, fecha_inicio, fecha_fin, tipo_oferta, estado, numero_plazas, cif, id_sector, foto_contenido, modalidad) VALUES
('Profesor de Inglés - 1', 'Buscamos un/a profesor de inglés para integrarse en nuestro equipo.', '2024-10-09', '2024-06-19', 'PRACTICAS', 'CERRADA', 1, 'CIFEMPRESA1', 9, 'https://advantys.es/wp-content/uploads/2022/11/empresas-edificios.jpg', 'PRESENCIAL'),
('Médico Interno - 2', 'Buscamos un/a médico interno para integrarse en nuestro equipo.', '2024-03-03', '2022-05-22', 'EMPLEO', 'CERRADA', 4, 'CIFEMPRESA1', 5, 'https://encrypted-tbn0.gstatic.com/images?q=tbn:ANd9GcSsj5lU3QxUd9GPMDqS1dCz2cj6LYEB9a5ayQ&s', 'PRESENCIAL'),
('Profesor de Inglés - 3', 'Buscamos un/a profesor de inglés para integrarse en nuestro equipo.', '2022-12-11', '2024-01-21', 'PRACTICAS', 'ACTIVA', 2, 'CIFEMPRESA1', 5, 'https://www.dilitrust.com/wp-content/uploads/benefits_second_480.jpg', 'HIBRIDO'),
('Médico Interno - 4', 'Buscamos un/a médico interno para integrarse en nuestro equipo.', '2022-05-11', '2024-01-20', 'PRACTICAS', 'PENDIENTE', 5, 'CIFEMPRESA1', 5, 'https://jlcasajuanaabogados.com/wp-content/uploads/2023/05/La-fusion-de-empresas-clases-y-procedimiento.jpg', 'PRESENCIAL'),
('Especialista SEO - 5', 'Buscamos un/a especialista seo para integrarse en nuestro equipo.', '2023-08-30', '2022-09-13', 'PRACTICAS', 'ACTIVA', 4, 'CIFEMPRESA1', 5, 'https://encrypted-tbn0.gstatic.com/images?q=tbn:ANd9GcRC7Jo77USJvGXt4mR3EvS1JatYcyVwW9dXCw&s', 'PRESENCIAL'),
('Desarrollador Backend - 6', 'Buscamos un/a desarrollador backend para integrarse en nuestro equipo.', '2024-09-09', '2024-03-10', 'PRACTICAS', 'CERRADA', 5, 'CIFEMPRESA1', 7, 'https://media.gettyimages.com/id/1187179171/es/foto/oficina-futurista.jpg?s=612x612&w=gi&k=20&c=thwUCUggDlg7Cx2j9Rs6fxVzrjQopBZC3Vpirl-ez2s=', 'REMOTO'),
('Desarrollador Backend - 7', 'Buscamos un/a desarrollador backend para integrarse en nuestro equipo.', '2022-06-09', '2022-04-22', 'EMPLEO', 'ACTIVA', 5, 'CIFEMPRESA1', 7, 'https://encrypted-tbn0.gstatic.com/images?q=tbn:ANd9GcSNdVSDqvJGjF6zgu7VzOr1kmpdCukxpRht1Q&s', 'PRESENCIAL'),
('Analista Financiero - 8', 'Buscamos un/a analista financiero para integrarse en nuestro equipo.', '2022-02-17', '2024-12-03', 'PRACTICAS', 'PENDIENTE', 5, 'CIFEMPRESA1', 8, 'https://www.esic.edu/sites/default/files/2024-02/empresas%20comprometidas%20con%20el%20medio%20ambiente%2C%20empresas%20que%20ayudan%20al%20medio%20ambiente%2C%20ejemplos%20de%20empresas%20responsables%20con%20el%20medio%20ambiente.jpeg', 'PRESENCIAL'),
('Desarrollador Backend - 9', 'Buscamos un/a desarrollador backend para integrarse en nuestro equipo.', '2024-01-26', '2024-03-02', 'EMPLEO', 'PENDIENTE', 1, 'CIFEMPRESA1', 4, 'https://static.vecteezy.com/system/resources/thumbnails/008/011/885/small/solution-businessman-pressing-on-touch-screen-interface-inscription-solutions-business-concept-internet-concept-photo.jpg', 'REMOTO'),
('Ingeniero de Energía - 10', 'Buscamos un/a ingeniero de energía para integrarse en nuestro equipo.', '2022-04-23', '2024-09-10', 'EMPLEO', 'CERRADA', 1, 'CIFEMPRESA1', 6, 'https://encrypted-tbn0.gstatic.com/images?q=tbn:ANd9GcSC9iPRokleOSzo3EAEwL0DYdxcMcVVBm6kqw&s', 'HIBRIDO'),
('Profesor de Inglés - 11', 'Buscamos un/a profesor de inglés para integrarse en nuestro equipo.', '2023-03-21', '2024-01-16', 'PRACTICAS', 'PENDIENTE', 4, 'CIFEMPRESA1', 10, 'https://encrypted-tbn0.gstatic.com/images?q=tbn:ANd9GcQo6bH5GsO7MB0SqI4iXWz0CBiEWGkpQo3S5w&s', 'HIBRIDO'),
('Especialista SEO - 12', 'Buscamos un/a especialista seo para integrarse en nuestro equipo.', '2023-04-11', '2022-07-12', 'PRACTICAS', 'CERRADA', 3, 'CIFEMPRESA1', 1, 'https://media.istockphoto.com/id/1453843862/es/foto/reuni%C3%B3n-de-negocios.jpg?s=612x612&w=0&k=20&c=npYuXIMxYxNzUPCTgqDxbtco5Wi3mFAcilVT2E8z3Hg=', 'HIBRIDO'),
('Profesor de Inglés - 13', 'Buscamos un/a profesor de inglés para integrarse en nuestro equipo.', '2023-03-26', '2022-03-27', 'PRACTICAS', 'PENDIENTE', 1, 'CIFEMPRESA1', 4, 'https://media.istockphoto.com/id/1453843862/es/foto/reuni%C3%B3n-de-negocios.jpg?s=612x612&w=0&k=20&c=npYuXIMxYxNzUPCTgqDxbtco5Wi3mFAcilVT2E8z3Hg=', 'HIBRIDO'),
('Abogado Corporativo - 14', 'Buscamos un/a abogado corporativo para integrarse en nuestro equipo.', '2022-03-30', '2023-09-07', 'PRACTICAS', 'PENDIENTE', 3, 'CIFEMPRESA1', 3, 'https://media.gettyimages.com/id/2094337676/es/foto/equipo-diverso-que-trabaja-en-conjunto-en-un-moderno-espacio-de-coworking.jpg?s=612x612&w=gi&k=20&c=CHlniGZhlL_ruWQfJoNIKhBMdiIg8TL3nZxI98tc7Zk=', 'PRESENCIAL'),
('Especialista SEO - 15', 'Buscamos un/a especialista seo para integrarse en nuestro equipo.', '2024-06-04', '2023-07-08', 'EMPLEO', 'CERRADA', 3, 'CIFEMPRESA1', 1, 'https://universidadeuropea.com/resources/media/images/internacionalizacion-empresas-1200.2e16d0ba.fill-767x384.jpg', 'REMOTO'),
('Profesor de Inglés - 16', 'Buscamos un/a profesor de inglés para integrarse en nuestro equipo.', '2023-06-07', '2024-02-28', 'PRACTICAS', 'PENDIENTE', 4, 'CIFEMPRESA1', 10, 'https://advantys.es/wp-content/uploads/2022/11/empresas-edificios.jpg', 'REMOTO'),
('Técnico de Logística - 17', 'Buscamos un/a técnico de logística para integrarse en nuestro equipo.', '2022-05-05', '2022-08-04', 'PRACTICAS', 'PENDIENTE', 3, 'CIFEMPRESA1', 2, 'https://encrypted-tbn0.gstatic.com/images?q=tbn:ANd9GcSsj5lU3QxUd9GPMDqS1dCz2cj6LYEB9a5ayQ&s', 'PRESENCIAL'),
('Project Manager - 18', 'Buscamos un/a project manager para integrarse en nuestro equipo.', '2022-07-23', '2023-05-15', 'PRACTICAS', 'CERRADA', 3, 'CIFEMPRESA1', 2, 'https://www.dilitrust.com/wp-content/uploads/benefits_second_480.jpg', 'HIBRIDO'),
('Analista Financiero - 19', 'Buscamos un/a analista financiero para integrarse en nuestro equipo.', '2024-11-29', '2024-05-15', 'PRACTICAS', 'PENDIENTE', 2, 'CIFEMPRESA1', 9, 'https://jlcasajuanaabogados.com/wp-content/uploads/2023/05/La-fusion-de-empresas-clases-y-procedimiento.jpg', 'PRESENCIAL'),
('Médico Interno - 20', 'Buscamos un/a médico interno para integrarse en nuestro equipo.', '2023-04-14', '2022-03-22', 'PRACTICAS', 'PENDIENTE', 3, 'CIFEMPRESA1', 9, 'https://encrypted-tbn0.gstatic.com/images?q=tbn:ANd9GcRC7Jo77USJvGXt4mR3EvS1JatYcyVwW9dXCw&s', 'REMOTO'),
('Ingeniero de Energía - 21', 'Buscamos un/a ingeniero de energía para integrarse en nuestro equipo.', '2023-03-27', '2022-10-29', 'PRACTICAS', 'CERRADA', 2, 'CIFEMPRESA1', 3, 'https://media.gettyimages.com/id/1187179171/es/foto/oficina-futurista.jpg?s=612x612&w=gi&k=20&c=thwUCUggDlg7Cx2j9Rs6fxVzrjQopBZC3Vpirl-ez2s=', 'PRESENCIAL'),
('Diseñador Gráfico - 22', 'Buscamos un/a diseñador gráfico para integrarse en nuestro equipo.', '2024-03-03', '2023-08-12', 'EMPLEO', 'PENDIENTE', 3, 'CIFEMPRESA1', 5, 'https://encrypted-tbn0.gstatic.com/images?q=tbn:ANd9GcSNdVSDqvJGjF6zgu7VzOr1kmpdCukxpRht1Q&s', 'PRESENCIAL'),
('Profesor de Inglés - 23', 'Buscamos un/a profesor de inglés para integrarse en nuestro equipo.', '2022-02-06', '2022-11-06', 'EMPLEO', 'ACTIVA', 1, 'CIFEMPRESA1', 5, 'https://www.esic.edu/sites/default/files/2024-02/empresas%20comprometidas%20con%20el%20medio%20ambiente%2C%20empresas%20que%20ayudan%20al%20medio%20ambiente%2C%20ejemplos%20de%20empresas%20responsables%20con%20el%20medio%20ambiente.jpeg', 'PRESENCIAL'),
('Project Manager - 24', 'Buscamos un/a project manager para integrarse en nuestro equipo.', '2022-09-16', '2023-09-22', 'EMPLEO', 'ACTIVA', 4, 'CIFEMPRESA1', 8, 'https://static.vecteezy.com/system/resources/thumbnails/008/011/885/small/solution-businessman-pressing-on-touch-screen-interface-inscription-solutions-business-concept-internet-concept-photo.jpg', 'HIBRIDO'),
('Médico Interno - 25', 'Buscamos un/a médico interno para integrarse en nuestro equipo.', '2023-08-15', '2024-07-18', 'EMPLEO', 'ACTIVA', 3, 'CIFEMPRESA1', 6, 'https://encrypted-tbn0.gstatic.com/images?q=tbn:ANd9GcSC9iPRokleOSzo3EAEwL0DYdxcMcVVBm6kqw&s', 'HIBRIDO'),
('Abogado Corporativo - 26', 'Buscamos un/a abogado corporativo para integrarse en nuestro equipo.', '2024-04-08', '2023-03-29', 'PRACTICAS', 'PENDIENTE', 2, 'CIFEMPRESA1', 8, 'https://encrypted-tbn0.gstatic.com/images?q=tbn:ANd9GcQo6bH5GsO7MB0SqI4iXWz0CBiEWGkpQo3S5w&s', 'REMOTO'),
('Abogado Corporativo - 27', 'Buscamos un/a abogado corporativo para integrarse en nuestro equipo.', '2024-08-04', '2023-08-20', 'EMPLEO', 'CERRADA', 4, 'CIFEMPRESA1', 8, 'https://media.istockphoto.com/id/1453843862/es/foto/reuni%C3%B3n-de-negocios.jpg?s=612x612&w=0&k=20&c=npYuXIMxYxNzUPCTgqDxbtco5Wi3mFAcilVT2E8z3Hg=', 'HIBRIDO'),
('Profesor de Inglés - 28', 'Buscamos un/a profesor de inglés para integrarse en nuestro equipo.', '2023-06-17', '2022-12-05', 'PRACTICAS', 'PENDIENTE', 2, 'CIFEMPRESA1', 11, 'https://media.istockphoto.com/id/1453843862/es/foto/reuni%C3%B3n-de-negocios.jpg?s=612x612&w=0&k=20&c=npYuXIMxYxNzUPCTgqDxbtco5Wi3mFAcilVT2E8z3Hg=', 'PRESENCIAL'),
('Abogado Corporativo - 29', 'Buscamos un/a abogado corporativo para integrarse en nuestro equipo.', '2024-04-08', '2022-06-22', 'EMPLEO', 'ACTIVA', 4, 'CIFEMPRESA1', 4, 'https://media.gettyimages.com/id/2094337676/es/foto/equipo-diverso-que-trabaja-en-conjunto-en-un-moderno-espacio-de-coworking.jpg?s=612x612&w=gi&k=20&c=CHlniGZhlL_ruWQfJoNIKhBMdiIg8TL3nZxI98tc7Zk=', 'PRESENCIAL'),
('Ingeniero de Energía - 30', 'Buscamos un/a ingeniero de energía para integrarse en nuestro equipo.', '2022-06-15', '2022-04-14', 'EMPLEO', 'CERRADA', 5, 'CIFEMPRESA1', 11, 'https://universidadeuropea.com/resources/media/images/internacionalizacion-empresas-1200.2e16d0ba.fill-767x384.jpg', 'PRESENCIAL'),
('Abogado Corporativo - 31', 'Buscamos un/a abogado corporativo para integrarse en nuestro equipo.', '2024-01-06', '2023-09-12', 'PRACTICAS', 'PENDIENTE', 2, 'CIFEMPRESA1', 10, 'https://advantys.es/wp-content/uploads/2022/11/empresas-edificios.jpg', 'REMOTO'),
('Desarrollador Backend - 32', 'Buscamos un/a desarrollador backend para integrarse en nuestro equipo.', '2024-01-20', '2024-11-07', 'PRACTICAS', 'CERRADA', 3, 'CIFEMPRESA1', 10, 'https://encrypted-tbn0.gstatic.com/images?q=tbn:ANd9GcSsj5lU3QxUd9GPMDqS1dCz2cj6LYEB9a5ayQ&s', 'REMOTO'),
('Analista Financiero - 33', 'Buscamos un/a analista financiero para integrarse en nuestro equipo.', '2023-07-02', '2022-09-06', 'PRACTICAS', 'CERRADA', 3, 'CIFEMPRESA1', 6, 'https://www.dilitrust.com/wp-content/uploads/benefits_second_480.jpg', 'REMOTO'),
('Ingeniero de Energía - 34', 'Buscamos un/a ingeniero de energía para integrarse en nuestro equipo.', '2023-11-26', '2022-09-17', 'PRACTICAS', 'CERRADA', 5, 'CIFEMPRESA1', 11, 'https://jlcasajuanaabogados.com/wp-content/uploads/2023/05/La-fusion-de-empresas-clases-y-procedimiento.jpg', 'HIBRIDO'),
('Técnico de Logística - 35', 'Buscamos un/a técnico de logística para integrarse en nuestro equipo.', '2024-12-29', '2022-06-21', 'PRACTICAS', 'ACTIVA', 1, 'CIFEMPRESA1', 10, 'https://encrypted-tbn0.gstatic.com/images?q=tbn:ANd9GcRC7Jo77USJvGXt4mR3EvS1JatYcyVwW9dXCw&s', 'PRESENCIAL'),
('Profesor de Inglés - 36', 'Buscamos un/a profesor de inglés para integrarse en nuestro equipo.', '2022-03-05', '2023-08-27', 'EMPLEO', 'PENDIENTE', 2, 'CIFEMPRESA1', 1, 'https://media.gettyimages.com/id/1187179171/es/foto/oficina-futurista.jpg?s=612x612&w=gi&k=20&c=thwUCUggDlg7Cx2j9Rs6fxVzrjQopBZC3Vpirl-ez2s=', 'PRESENCIAL'),
('Abogado Corporativo - 37', 'Buscamos un/a abogado corporativo para integrarse en nuestro equipo.', '2022-09-12', '2022-11-16', 'EMPLEO', 'CERRADA', 2, 'CIFEMPRESA1', 11, 'https://encrypted-tbn0.gstatic.com/images?q=tbn:ANd9GcSNdVSDqvJGjF6zgu7VzOr1kmpdCukxpRht1Q&s', 'REMOTO'),
('Analista Financiero - 38', 'Buscamos un/a analista financiero para integrarse en nuestro equipo.', '2023-01-11', '2023-10-09', 'PRACTICAS', 'PENDIENTE', 5, 'CIFEMPRESA1', 1, 'https://www.esic.edu/sites/default/files/2024-02/empresas%20comprometidas%20con%20el%20medio%20ambiente%2C%20empresas%20que%20ayudan%20al%20medio%20ambiente%2C%20ejemplos%20de%20empresas%20responsables%20con%20el%20medio%20ambiente.jpeg', 'REMOTO'),
('Diseñador Gráfico - 39', 'Buscamos un/a diseñador gráfico para integrarse en nuestro equipo.', '2024-11-11', '2023-02-19', 'EMPLEO', 'CERRADA', 4, 'CIFEMPRESA1', 10, 'https://static.vecteezy.com/system/resources/thumbnails/008/011/885/small/solution-businessman-pressing-on-touch-screen-interface-inscription-solutions-business-concept-internet-concept-photo.jpg', 'REMOTO'),
('Desarrollador Backend - 40', 'Buscamos un/a desarrollador backend para integrarse en nuestro equipo.', '2023-07-06', '2024-06-28', 'PRACTICAS', 'PENDIENTE', 3, 'CIFEMPRESA1', 11, 'https://encrypted-tbn0.gstatic.com/images?q=tbn:ANd9GcSC9iPRokleOSzo3EAEwL0DYdxcMcVVBm6kqw&s', 'REMOTO'),
('Médico Interno - 41', 'Buscamos un/a médico interno para integrarse en nuestro equipo.', '2024-12-12', '2023-11-16', 'EMPLEO', 'ACTIVA', 3, 'CIFEMPRESA1', 8, 'https://encrypted-tbn0.gstatic.com/images?q=tbn:ANd9GcQo6bH5GsO7MB0SqI4iXWz0CBiEWGkpQo3S5w&s', 'HIBRIDO'),
('Médico Interno - 42', 'Buscamos un/a médico interno para integrarse en nuestro equipo.', '2022-02-13', '2023-04-22', 'EMPLEO', 'ACTIVA', 4, 'CIFEMPRESA1', 8, 'https://media.istockphoto.com/id/1453843862/es/foto/reuni%C3%B3n-de-negocios.jpg?s=612x612&w=0&k=20&c=npYuXIMxYxNzUPCTgqDxbtco5Wi3mFAcilVT2E8z3Hg=', 'REMOTO'),
('Abogado Corporativo - 43', 'Buscamos un/a abogado corporativo para integrarse en nuestro equipo.', '2024-11-24', '2022-09-26', 'EMPLEO', 'PENDIENTE', 3, 'CIFEMPRESA1', 8, 'https://media.istockphoto.com/id/1453843862/es/foto/reuni%C3%B3n-de-negocios.jpg?s=612x612&w=0&k=20&c=npYuXIMxYxNzUPCTgqDxbtco5Wi3mFAcilVT2E8z3Hg=', 'PRESENCIAL'),
('Ingeniero de Energía - 44', 'Buscamos un/a ingeniero de energía para integrarse en nuestro equipo.', '2023-08-01', '2024-12-22', 'PRACTICAS', 'PENDIENTE', 1, 'CIFEMPRESA1', 8, 'https://media.gettyimages.com/id/2094337676/es/foto/equipo-diverso-que-trabaja-en-conjunto-en-un-moderno-espacio-de-coworking.jpg?s=612x612&w=gi&k=20&c=CHlniGZhlL_ruWQfJoNIKhBMdiIg8TL3nZxI98tc7Zk=', 'REMOTO'),
('Diseñador Gráfico - 45', 'Buscamos un/a diseñador gráfico para integrarse en nuestro equipo.', '2023-03-30', '2023-04-02', 'EMPLEO', 'CERRADA', 3, 'CIFEMPRESA1', 8, 'https://universidadeuropea.com/resources/media/images/internacionalizacion-empresas-1200.2e16d0ba.fill-767x384.jpg', 'REMOTO'),
('Diseñador Gráfico - 46', 'Buscamos un/a diseñador gráfico para integrarse en nuestro equipo.', '2023-01-06', '2022-09-02', 'EMPLEO', 'CERRADA', 1, 'CIFEMPRESA1', 10, 'https://advantys.es/wp-content/uploads/2022/11/empresas-edificios.jpg', 'PRESENCIAL'),
('Ingeniero de Energía - 47', 'Buscamos un/a ingeniero de energía para integrarse en nuestro equipo.', '2024-04-09', '2022-01-26', 'PRACTICAS', 'CERRADA', 2, 'CIFEMPRESA1', 5, 'https://encrypted-tbn0.gstatic.com/images?q=tbn:ANd9GcSsj5lU3QxUd9GPMDqS1dCz2cj6LYEB9a5ayQ&s', 'PRESENCIAL'),
('Desarrollador Backend - 48', 'Buscamos un/a desarrollador backend para integrarse en nuestro equipo.', '2023-04-19', '2022-08-30', 'EMPLEO', 'ACTIVA', 3, 'CIFEMPRESA1', 4, 'https://www.dilitrust.com/wp-content/uploads/benefits_second_480.jpg', 'REMOTO'),
('Ingeniero de Energía - 49', 'Buscamos un/a ingeniero de energía para integrarse en nuestro equipo.', '2024-07-07', '2022-12-22', 'EMPLEO', 'PENDIENTE', 4, 'CIFEMPRESA1', 8, 'https://jlcasajuanaabogados.com/wp-content/uploads/2023/05/La-fusion-de-empresas-clases-y-procedimiento.jpg', 'PRESENCIAL'),
('Analista Financiero - 50', 'Buscamos un/a analista financiero para integrarse en nuestro equipo.', '2024-02-05', '2024-05-11', 'PRACTICAS', 'CERRADA', 2, 'CIFEMPRESA1', 10, 'https://encrypted-tbn0.gstatic.com/images?q=tbn:ANd9GcRC7Jo77USJvGXt4mR3EvS1JatYcyVwW9dXCw&s', 'REMOTO'),
('Diseñador Gráfico - 51', 'Buscamos un/a diseñador gráfico para integrarse en nuestro equipo.', '2023-10-22', '2023-04-25', 'EMPLEO', 'PENDIENTE', 4, 'CIFEMPRESA1', 5, 'https://media.gettyimages.com/id/1187179171/es/foto/oficina-futurista.jpg?s=612x612&w=gi&k=20&c=thwUCUggDlg7Cx2j9Rs6fxVzrjQopBZC3Vpirl-ez2s=', 'HIBRIDO'),
('Analista Financiero - 52', 'Buscamos un/a analista financiero para integrarse en nuestro equipo.', '2023-05-27', '2023-07-19', 'EMPLEO', 'ACTIVA', 5, 'CIFEMPRESA1', 6, 'https://encrypted-tbn0.gstatic.com/images?q=tbn:ANd9GcSNdVSDqvJGjF6zgu7VzOr1kmpdCukxpRht1Q&s', 'HIBRIDO'),
('Project Manager - 53', 'Buscamos un/a project manager para integrarse en nuestro equipo.', '2024-08-17', '2022-09-20', 'EMPLEO', 'ACTIVA', 3, 'CIFEMPRESA1', 6, 'https://www.esic.edu/sites/default/files/2024-02/empresas%20comprometidas%20con%20el%20medio%20ambiente%2C%20empresas%20que%20ayudan%20al%20medio%20ambiente%2C%20ejemplos%20de%20empresas%20responsables%20con%20el%20medio%20ambiente.jpeg', 'REMOTO'),
('Especialista SEO - 54', 'Buscamos un/a especialista seo para integrarse en nuestro equipo.', '2022-04-19', '2023-09-24', 'EMPLEO', 'ACTIVA', 5, 'CIFEMPRESA1', 3, 'https://static.vecteezy.com/system/resources/thumbnails/008/011/885/small/solution-businessman-pressing-on-touch-screen-interface-inscription-solutions-business-concept-internet-concept-photo.jpg', 'PRESENCIAL'),
('Analista Financiero - 55', 'Buscamos un/a analista financiero para integrarse en nuestro equipo.', '2024-02-27', '2022-07-21', 'EMPLEO', 'ACTIVA', 1, 'CIFEMPRESA1', 2, 'https://encrypted-tbn0.gstatic.com/images?q=tbn:ANd9GcSC9iPRokleOSzo3EAEwL0DYdxcMcVVBm6kqw&s', 'HIBRIDO'),
('Abogado Corporativo - 56', 'Buscamos un/a abogado corporativo para integrarse en nuestro equipo.', '2023-09-18', '2024-06-09', 'PRACTICAS', 'ACTIVA', 4, 'CIFEMPRESA1', 2, 'https://encrypted-tbn0.gstatic.com/images?q=tbn:ANd9GcQo6bH5GsO7MB0SqI4iXWz0CBiEWGkpQo3S5w&s', 'REMOTO'),
('Especialista SEO - 57', 'Buscamos un/a especialista seo para integrarse en nuestro equipo.', '2023-09-28', '2023-04-19', 'EMPLEO', 'PENDIENTE', 4, 'CIFEMPRESA1', 9, 'https://media.istockphoto.com/id/1453843862/es/foto/reuni%C3%B3n-de-negocios.jpg?s=612x612&w=0&k=20&c=npYuXIMxYxNzUPCTgqDxbtco5Wi3mFAcilVT2E8z3Hg=', 'PRESENCIAL'),
('Técnico de Logística - 58', 'Buscamos un/a técnico de logística para integrarse en nuestro equipo.', '2022-11-09', '2022-10-09', 'EMPLEO', 'ACTIVA', 3, 'CIFEMPRESA1', 3, 'https://media.istockphoto.com/id/1453843862/es/foto/reuni%C3%B3n-de-negocios.jpg?s=612x612&w=0&k=20&c=npYuXIMxYxNzUPCTgqDxbtco5Wi3mFAcilVT2E8z3Hg=', 'HIBRIDO'),
('Analista Financiero - 59', 'Buscamos un/a analista financiero para integrarse en nuestro equipo.', '2024-03-21', '2022-04-07', 'EMPLEO', 'PENDIENTE', 4, 'CIFEMPRESA1', 7, 'https://media.gettyimages.com/id/2094337676/es/foto/equipo-diverso-que-trabaja-en-conjunto-en-un-moderno-espacio-de-coworking.jpg?s=612x612&w=gi&k=20&c=CHlniGZhlL_ruWQfJoNIKhBMdiIg8TL3nZxI98tc7Zk=', 'PRESENCIAL'),
('Médico Interno - 60', 'Buscamos un/a médico interno para integrarse en nuestro equipo.', '2022-01-28', '2024-08-16', 'EMPLEO', 'CERRADA', 3, 'CIFEMPRESA1', 2, 'https://universidadeuropea.com/resources/media/images/internacionalizacion-empresas-1200.2e16d0ba.fill-767x384.jpg', 'REMOTO');

INSERT INTO Proyectos (nombre, activo, descripcion, fecha_inicio, fecha_fin, foto, foto_contenido, plazas) VALUES
('EduCloud 1', True, 'Proyecto innovador: EduCloud 1, enfocado en soluciones tecnológicas.', '2024-06-04', '2024-09-01', 'https://encrypted-tbn0.gstatic.com/images?q=tbn:ANd9GcRs4HqCs1fQedgwdHCy5yLg5EDBSJKhPiuDdQ&s', 'https://advantys.es/wp-content/uploads/2022/11/empresas-edificios.jpg', 2),
('Tour360 2', True, 'Proyecto innovador: Tour360 2, enfocado en soluciones tecnológicas.', '2024-09-03', '2023-09-09', 'https://www.dilitrust.com/wp-content/uploads/benefits_second_480.jpg', 'https://encrypted-tbn0.gstatic.com/images?q=tbn:ANd9GcSsj5lU3QxUd9GPMDqS1dCz2cj6LYEB9a5ayQ&s', 4),
('EduCloud 3', True, 'Proyecto innovador: EduCloud 3, enfocado en soluciones tecnológicas.', '2024-02-17', '2023-06-19', 'https://ferreteria-y-bricolaje.cdecomunicacion.es/wp-content/webp-express/webp-images/uploads/2022/12/Evolucion-de-empresas-dibujo-recurso.jpg.webp', 'https://www.dilitrust.com/wp-content/uploads/benefits_second_480.jpg', 5),
('AutoML 4', True, 'Proyecto innovador: AutoML 4, enfocado en soluciones tecnológicas.', '2023-09-07', '2024-01-24', 'https://abana.es/wp-content/uploads/2022/11/2022_abana_archivos-de-empresa.jpg', 'https://jlcasajuanaabogados.com/wp-content/uploads/2023/05/La-fusion-de-empresas-clases-y-procedimiento.jpg', 2),
('AppSalud 5', True, 'Proyecto innovador: AppSalud 5, enfocado en soluciones tecnológicas.', '2023-01-27', '2024-07-22', 'https://encrypted-tbn0.gstatic.com/images?q=tbn:ANd9GcSEDVf__VHoJCSL1pvTs0BwweZdZEQoukjLeQ&s', 'https://encrypted-tbn0.gstatic.com/images?q=tbn:ANd9GcRC7Jo77USJvGXt4mR3EvS1JatYcyVwW9dXCw&s', 6),
('EduCloud 6', True, 'Proyecto innovador: EduCloud 6, enfocado en soluciones tecnológicas.', '2022-01-20', '2023-07-09', 'https://www.signaturit.com/wp-content/uploads/2023/12/183-NEW-blog-banners.jpg', 'https://media.gettyimages.com/id/1187179171/es/foto/oficina-futurista.jpg?s=612x612&w=gi&k=20&c=thwUCUggDlg7Cx2j9Rs6fxVzrjQopBZC3Vpirl-ez2s=', 8),
('UXPro 7', True, 'Proyecto innovador: UXPro 7, enfocado en soluciones tecnológicas.', '2023-09-09', '2022-04-02', 'https://grupoioe.es/wp-content/uploads/2022/02/empresas-de-servicios-destacada.jpg', 'https://encrypted-tbn0.gstatic.com/images?q=tbn:ANd9GcSNdVSDqvJGjF6zgu7VzOr1kmpdCukxpRht1Q&s', 5),
('UXPro 8', True, 'Proyecto innovador: UXPro 8, enfocado en soluciones tecnológicas.', '2024-12-16', '2023-07-05', 'https://emprendedores.es/wp-content/uploads/COMUNICAR-1024x555.jpeg', 'https://www.esic.edu/sites/default/files/2024-02/empresas%20comprometidas%20con%20el%20medio%20ambiente%2C%20empresas%20que%20ayudan%20al%20medio%20ambiente%2C%20ejemplos%20de%20empresas%20responsables%20con%20el%20medio%20ambiente.jpeg', 6),
('UXPro 9', True, 'Proyecto innovador: UXPro 9, enfocado en soluciones tecnológicas.', '2024-10-02', '2023-08-16', 'https://www.shutterstock.com/image-photo/budget-financial-planning-concept-calculate-260nw-2605882397.jpg', 'https://static.vecteezy.com/system/resources/thumbnails/008/011/885/small/solution-businessman-pressing-on-touch-screen-interface-inscription-solutions-business-concept-internet-concept-photo.jpg', 4),
('EduCloud 10', True, 'Proyecto innovador: EduCloud 10, enfocado en soluciones tecnológicas.', '2022-12-11', '2024-07-24', 'https://encrypted-tbn0.gstatic.com/images?q=tbn:ANd9GcQ37eEBhDnv9FwVJ5W9_vPs2lK14hA485ybnQ&s', 'https://encrypted-tbn0.gstatic.com/images?q=tbn:ANd9GcSC9iPRokleOSzo3EAEwL0DYdxcMcVVBm6kqw&s', 3),
('UXPro 11', True, 'Proyecto innovador: UXPro 11, enfocado en soluciones tecnológicas.', '2023-04-24', '2023-02-11', 'https://encrypted-tbn0.gstatic.com/images?q=tbn:ANd9GcSK4KzGaKRf1uYl7Uwkfswmsx-V5yiQTkKcDA&s', 'https://encrypted-tbn0.gstatic.com/images?q=tbn:ANd9GcQo6bH5GsO7MB0SqI4iXWz0CBiEWGkpQo3S5w&s', 8),
('LogiView 12', True, 'Proyecto innovador: LogiView 12, enfocado en soluciones tecnológicas.', '2022-09-21', '2024-11-17', 'https://e00-expansion.uecdn.es/assets/multimedia/imagenes/2016/10/10/14760917222258.jpg', 'https://media.istockphoto.com/id/1453843862/es/foto/reuni%C3%B3n-de-negocios.jpg?s=612x612&w=0&k=20&c=npYuXIMxYxNzUPCTgqDxbtco5Wi3mFAcilVT2E8z3Hg=', 8),
('LogiView 13', True, 'Proyecto innovador: LogiView 13, enfocado en soluciones tecnológicas.', '2024-06-06', '2023-06-17', 'https://www.trabajandoenti.com/blog_images/que-esperan-las-empresas-de-ti-consejos-practicos-1000x700.jpg', 'https://media.istockphoto.com/id/1453843862/es/foto/reuni%C3%B3n-de-negocios.jpg?s=612x612&w=0&k=20&c=npYuXIMxYxNzUPCTgqDxbtco5Wi3mFAcilVT2E8z3Hg=', 4),
('LexBot 14', True, 'Proyecto innovador: LexBot 14, enfocado en soluciones tecnológicas.', '2022-03-04', '2023-06-11', 'https://ildefe.es/wp-content/uploads/2020/03/empresas-300x300.png', 'https://media.gettyimages.com/id/2094337676/es/foto/equipo-diverso-que-trabaja-en-conjunto-en-un-moderno-espacio-de-coworking.jpg?s=612x612&w=gi&k=20&c=CHlniGZhlL_ruWQfJoNIKhBMdiIg8TL3nZxI98tc7Zk=', 7),
('AppSalud 15', True, 'Proyecto innovador: AppSalud 15, enfocado en soluciones tecnológicas.', '2024-02-10', '2022-05-17', 'https://www.shutterstock.com/image-photo/two-millennial-businessmen-shake-hands-260nw-2585940101.jpg', 'https://universidadeuropea.com/resources/media/images/internacionalizacion-empresas-1200.2e16d0ba.fill-767x384.jpg', 4),
('SmartGrid 16', True, 'Proyecto innovador: SmartGrid 16, enfocado en soluciones tecnológicas.', '2023-01-17', '2022-12-20', 'https://encrypted-tbn0.gstatic.com/images?q=tbn:ANd9GcRs4HqCs1fQedgwdHCy5yLg5EDBSJKhPiuDdQ&s', 'https://advantys.es/wp-content/uploads/2022/11/empresas-edificios.jpg', 7),
('LexBot 17', True, 'Proyecto innovador: LexBot 17, enfocado en soluciones tecnológicas.', '2023-04-04', '2024-06-27', 'https://www.dilitrust.com/wp-content/uploads/benefits_second_480.jpg', 'https://encrypted-tbn0.gstatic.com/images?q=tbn:ANd9GcSsj5lU3QxUd9GPMDqS1dCz2cj6LYEB9a5ayQ&s', 5),
('SmartGrid 18', True, 'Proyecto innovador: SmartGrid 18, enfocado en soluciones tecnológicas.', '2022-02-05', '2023-06-10', 'https://ferreteria-y-bricolaje.cdecomunicacion.es/wp-content/webp-express/webp-images/uploads/2022/12/Evolucion-de-empresas-dibujo-recurso.jpg.webp', 'https://www.dilitrust.com/wp-content/uploads/benefits_second_480.jpg', 8),
('FinAnalyzer 19', True, 'Proyecto innovador: FinAnalyzer 19, enfocado en soluciones tecnológicas.', '2023-06-12', '2022-02-21', 'https://abana.es/wp-content/uploads/2022/11/2022_abana_archivos-de-empresa.jpg', 'https://jlcasajuanaabogados.com/wp-content/uploads/2023/05/La-fusion-de-empresas-clases-y-procedimiento.jpg', 3),
('LexBot 20', True, 'Proyecto innovador: LexBot 20, enfocado en soluciones tecnológicas.', '2023-10-18', '2023-11-10', 'https://encrypted-tbn0.gstatic.com/images?q=tbn:ANd9GcSEDVf__VHoJCSL1pvTs0BwweZdZEQoukjLeQ&s', 'https://encrypted-tbn0.gstatic.com/images?q=tbn:ANd9GcRC7Jo77USJvGXt4mR3EvS1JatYcyVwW9dXCw&s', 2),
('AutoML 21', True, 'Proyecto innovador: AutoML 21, enfocado en soluciones tecnológicas.', '2022-11-14', '2024-04-17', 'https://www.signaturit.com/wp-content/uploads/2023/12/183-NEW-blog-banners.jpg', 'https://media.gettyimages.com/id/1187179171/es/foto/oficina-futurista.jpg?s=612x612&w=gi&k=20&c=thwUCUggDlg7Cx2j9Rs6fxVzrjQopBZC3Vpirl-ez2s=', 4),
('UXPro 22', True, 'Proyecto innovador: UXPro 22, enfocado en soluciones tecnológicas.', '2024-11-12', '2024-02-29', 'https://grupoioe.es/wp-content/uploads/2022/02/empresas-de-servicios-destacada.jpg', 'https://encrypted-tbn0.gstatic.com/images?q=tbn:ANd9GcSNdVSDqvJGjF6zgu7VzOr1kmpdCukxpRht1Q&s', 5),
('LogiView 23', True, 'Proyecto innovador: LogiView 23, enfocado en soluciones tecnológicas.', '2024-05-31', '2023-05-07', 'https://emprendedores.es/wp-content/uploads/COMUNICAR-1024x555.jpeg', 'https://www.esic.edu/sites/default/files/2024-02/empresas%20comprometidas%20con%20el%20medio%20ambiente%2C%20empresas%20que%20ayudan%20al%20medio%20ambiente%2C%20ejemplos%20de%20empresas%20responsables%20con%20el%20medio%20ambiente.jpeg', 7),
('UXPro 24', True, 'Proyecto innovador: UXPro 24, enfocado en soluciones tecnológicas.', '2022-05-18', '2022-09-26', 'https://www.shutterstock.com/image-photo/budget-financial-planning-concept-calculate-260nw-2605882397.jpg', 'https://static.vecteezy.com/system/resources/thumbnails/008/011/885/small/solution-businessman-pressing-on-touch-screen-interface-inscription-solutions-business-concept-internet-concept-photo.jpg', 3),
('Tour360 25', True, 'Proyecto innovador: Tour360 25, enfocado en soluciones tecnológicas.', '2023-09-01', '2023-01-04', 'https://encrypted-tbn0.gstatic.com/images?q=tbn:ANd9GcQ37eEBhDnv9FwVJ5W9_vPs2lK14hA485ybnQ&s', 'https://encrypted-tbn0.gstatic.com/images?q=tbn:ANd9GcSC9iPRokleOSzo3EAEwL0DYdxcMcVVBm6kqw&s', 2),
('FinAnalyzer 26', True, 'Proyecto innovador: FinAnalyzer 26, enfocado en soluciones tecnológicas.', '2024-08-20', '2022-03-03', 'https://encrypted-tbn0.gstatic.com/images?q=tbn:ANd9GcSK4KzGaKRf1uYl7Uwkfswmsx-V5yiQTkKcDA&s', 'https://encrypted-tbn0.gstatic.com/images?q=tbn:ANd9GcQo6bH5GsO7MB0SqI4iXWz0CBiEWGkpQo3S5w&s', 8),
('UXPro 27', True, 'Proyecto innovador: UXPro 27, enfocado en soluciones tecnológicas.', '2022-08-02', '2024-12-26', 'https://e00-expansion.uecdn.es/assets/multimedia/imagenes/2016/10/10/14760917222258.jpg', 'https://media.istockphoto.com/id/1453843862/es/foto/reuni%C3%B3n-de-negocios.jpg?s=612x612&w=0&k=20&c=npYuXIMxYxNzUPCTgqDxbtco5Wi3mFAcilVT2E8z3Hg=', 8),
('SmartGrid 28', True, 'Proyecto innovador: SmartGrid 28, enfocado en soluciones tecnológicas.', '2023-02-23', '2022-03-05', 'https://www.trabajandoenti.com/blog_images/que-esperan-las-empresas-de-ti-consejos-practicos-1000x700.jpg', 'https://media.istockphoto.com/id/1453843862/es/foto/reuni%C3%B3n-de-negocios.jpg?s=612x612&w=0&k=20&c=npYuXIMxYxNzUPCTgqDxbtco5Wi3mFAcilVT2E8z3Hg=', 2),
('LogiView 29', True, 'Proyecto innovador: LogiView 29, enfocado en soluciones tecnológicas.', '2024-05-05', '2023-07-24', 'https://ildefe.es/wp-content/uploads/2020/03/empresas-300x300.png', 'https://media.gettyimages.com/id/2094337676/es/foto/equipo-diverso-que-trabaja-en-conjunto-en-un-moderno-espacio-de-coworking.jpg?s=612x612&w=gi&k=20&c=CHlniGZhlL_ruWQfJoNIKhBMdiIg8TL3nZxI98tc7Zk=', 5),
('Tour360 30', True, 'Proyecto innovador: Tour360 30, enfocado en soluciones tecnológicas.', '2024-08-02', '2022-07-21', 'https://www.shutterstock.com/image-photo/two-millennial-businessmen-shake-hands-260nw-2585940101.jpg', 'https://universidadeuropea.com/resources/media/images/internacionalizacion-empresas-1200.2e16d0ba.fill-767x384.jpg', 3),
('EduCloud 31', True, 'Proyecto innovador: EduCloud 31, enfocado en soluciones tecnológicas.', '2023-09-17', '2022-08-10', 'https://encrypted-tbn0.gstatic.com/images?q=tbn:ANd9GcRs4HqCs1fQedgwdHCy5yLg5EDBSJKhPiuDdQ&s', 'https://advantys.es/wp-content/uploads/2022/11/empresas-edificios.jpg', 3),
('AutoML 32', True, 'Proyecto innovador: AutoML 32, enfocado en soluciones tecnológicas.', '2022-05-19', '2024-01-19', 'https://www.dilitrust.com/wp-content/uploads/benefits_second_480.jpg', 'https://encrypted-tbn0.gstatic.com/images?q=tbn:ANd9GcSsj5lU3QxUd9GPMDqS1dCz2cj6LYEB9a5ayQ&s', 3),
('EcoCasa 33', True, 'Proyecto innovador: EcoCasa 33, enfocado en soluciones tecnológicas.', '2024-03-08', '2022-10-15', 'https://ferreteria-y-bricolaje.cdecomunicacion.es/wp-content/webp-express/webp-images/uploads/2022/12/Evolucion-de-empresas-dibujo-recurso.jpg.webp', 'https://www.dilitrust.com/wp-content/uploads/benefits_second_480.jpg', 8),
('Tour360 34', True, 'Proyecto innovador: Tour360 34, enfocado en soluciones tecnológicas.', '2024-07-10', '2023-10-30', 'https://abana.es/wp-content/uploads/2022/11/2022_abana_archivos-de-empresa.jpg', 'https://jlcasajuanaabogados.com/wp-content/uploads/2023/05/La-fusion-de-empresas-clases-y-procedimiento.jpg', 3),
('FinAnalyzer 35', True, 'Proyecto innovador: FinAnalyzer 35, enfocado en soluciones tecnológicas.', '2024-03-24', '2022-03-26', 'https://encrypted-tbn0.gstatic.com/images?q=tbn:ANd9GcSEDVf__VHoJCSL1pvTs0BwweZdZEQoukjLeQ&s', 'https://encrypted-tbn0.gstatic.com/images?q=tbn:ANd9GcRC7Jo77USJvGXt4mR3EvS1JatYcyVwW9dXCw&s', 2),
('SmartGrid 36', True, 'Proyecto innovador: SmartGrid 36, enfocado en soluciones tecnológicas.', '2022-05-16', '2024-03-10', 'https://www.signaturit.com/wp-content/uploads/2023/12/183-NEW-blog-banners.jpg', 'https://media.gettyimages.com/id/1187179171/es/foto/oficina-futurista.jpg?s=612x612&w=gi&k=20&c=thwUCUggDlg7Cx2j9Rs6fxVzrjQopBZC3Vpirl-ez2s=', 8),
('LogiView 37', True, 'Proyecto innovador: LogiView 37, enfocado en soluciones tecnológicas.', '2022-11-23', '2022-12-24', 'https://grupoioe.es/wp-content/uploads/2022/02/empresas-de-servicios-destacada.jpg', 'https://encrypted-tbn0.gstatic.com/images?q=tbn:ANd9GcSNdVSDqvJGjF6zgu7VzOr1kmpdCukxpRht1Q&s', 5),
('AppSalud 38', True, 'Proyecto innovador: AppSalud 38, enfocado en soluciones tecnológicas.', '2024-03-23', '2024-09-05', 'https://emprendedores.es/wp-content/uploads/COMUNICAR-1024x555.jpeg', 'https://www.esic.edu/sites/default/files/2024-02/empresas%20comprometidas%20con%20el%20medio%20ambiente%2C%20empresas%20que%20ayudan%20al%20medio%20ambiente%2C%20ejemplos%20de%20empresas%20responsables%20con%20el%20medio%20ambiente.jpeg', 6),
('Tour360 39', True, 'Proyecto innovador: Tour360 39, enfocado en soluciones tecnológicas.', '2022-10-04', '2022-01-17', 'https://www.shutterstock.com/image-photo/budget-financial-planning-concept-calculate-260nw-2605882397.jpg', 'https://static.vecteezy.com/system/resources/thumbnails/008/011/885/small/solution-businessman-pressing-on-touch-screen-interface-inscription-solutions-business-concept-internet-concept-photo.jpg', 5),
('EcoCasa 40', True, 'Proyecto innovador: EcoCasa 40, enfocado en soluciones tecnológicas.', '2022-12-12', '2022-04-10', 'https://encrypted-tbn0.gstatic.com/images?q=tbn:ANd9GcQ37eEBhDnv9FwVJ5W9_vPs2lK14hA485ybnQ&s', 'https://encrypted-tbn0.gstatic.com/images?q=tbn:ANd9GcSC9iPRokleOSzo3EAEwL0DYdxcMcVVBm6kqw&s', 8);

INSERT INTO Usuario_Proyecto (id_usuario, id_proyecto, estado, favorito, propietario) VALUES
(2, 1, 'RECHAZADO', False, True),
(2, 2, 'RECHAZADO', False, True),
(2, 3, 'RECHAZADO', False, True),
(2, 4, 'RECHAZADO', False, True),
(2, 5, 'RECHAZADO', False, True),
(2, 6, 'RECHAZADO', False, True),
(2, 7, 'RECHAZADO', False, True),
(2, 8, 'RECHAZADO', False, True),
(2, 9, 'RECHAZADO', False, True),
(2, 10, 'RECHAZADO', False, True),
(2, 11, 'RECHAZADO', False, True),
(2, 12, 'RECHAZADO', False, True),
(2, 13, 'RECHAZADO', False, True),
(2, 14, 'RECHAZADO', False, True),
(2, 15, 'RECHAZADO', False, True),
(2, 16, 'RECHAZADO', False, True),
(2, 17, 'RECHAZADO', False, True),
(2, 18, 'RECHAZADO', False, True),
(2, 19, 'RECHAZADO', False, True),
(2, 20, 'RECHAZADO', False, True),
(2, 21, 'RECHAZADO', False, True),
(2, 22, 'RECHAZADO', False, True),
(2, 23, 'RECHAZADO', False, True),
(2, 24, 'RECHAZADO', False, True),
(2, 25, 'RECHAZADO', False, True),
(2, 26, 'RECHAZADO', False, True),
(2, 27, 'RECHAZADO', False, True),
(2, 28, 'RECHAZADO', False, True),
(2, 29, 'RECHAZADO', False, True),
(2, 30, 'RECHAZADO', False, True),
(2, 31, 'RECHAZADO', False, True),
(2, 32, 'RECHAZADO', False, True),
(2, 33, 'RECHAZADO', False, True),
(2, 34, 'RECHAZADO', False, True),
(2, 35, 'RECHAZADO', False, True),
(2, 36, 'RECHAZADO', False, True),
(2, 37, 'RECHAZADO', False, True),
(2, 38, 'RECHAZADO', False, True),
(2, 39, 'RECHAZADO', False, True),
(2, 40, 'RECHAZADO', False, True);

INSERT INTO Usuario_Oferta (id_usuario, id_oferta, propietario, estado, favorito) VALUES
(2, 1, False, 'PENDIENTE', True),
(2, 2, False, 'PENDIENTE', True),
(2, 3, False, 'PENDIENTE', True),
(2, 5, False, 'PENDIENTE', False),
(2, 6, False, 'PENDIENTE', False),
(2, 8, False, 'PENDIENTE', True),
(2, 11, False, 'PENDIENTE', False),
(2, 12, False, 'PENDIENTE', True),
(2, 13, False, 'PENDIENTE', True),
(2, 14, False, 'PENDIENTE', True),
(2, 15, False, 'PENDIENTE', False),
(2, 17, False, 'PENDIENTE', False),
(2, 22, False, 'PENDIENTE', True),
(2, 26, False, 'PENDIENTE', True),
(2, 30, False, 'PENDIENTE', False),
(2, 31, False, 'PENDIENTE', True),
(2, 33, False, 'PENDIENTE', True),
(2, 34, False, 'PENDIENTE', False),
(2, 40, False, 'PENDIENTE', False),
(2, 42, False, 'PENDIENTE', True),
(2, 43, False, 'PENDIENTE', True),
(2, 46, False, 'PENDIENTE', True),
(2, 49, False, 'PENDIENTE', False),
(2, 51, False, 'PENDIENTE', True),
(2, 53, False, 'PENDIENTE', True),
(2, 54, False, 'PENDIENTE', False),
(2, 55, False, 'PENDIENTE', True),
(2, 56, False, 'PENDIENTE', True);


INSERT INTO Resennas (titulo, comentario, valoracion, puntuacion, id_usuario, cif, id_proyecto) VALUES
('Opinión Empresa 1', 'Muy buena experiencia con esta empresa, trato excelente.', 'POSITIVA', 3.7, 1, 'CIFEMPR102', NULL),
('Opinión Empresa 2', 'No cumplió con mis expectativas en general.', 'POSITIVA', 3.2, 1, 'CIFEMPR108', NULL),
('Opinión Empresa 3', 'Gran ambiente de trabajo y oportunidades de crecimiento.', 'NEUTRAL', 3.6, 1, 'CIFEMPR108', NULL),
('Opinión Empresa 4', 'Podrían mejorar la comunicación interna.', 'POSITIVA', 3.2, 1, 'CIFEMPR111', NULL),
('Opinión Empresa 5', 'No cumplió con mis expectativas en general.', 'NEGATIVA', 2.5, 1, 'CIFEMPR108', NULL),
('Opinión Empresa 6', 'No cumplió con mis expectativas en general.', 'NEUTRAL', 2.5, 1, 'CIFEMPR106', NULL),
('Opinión Empresa 7', 'El proyecto fue desafiante pero enriquecedor.', 'POSITIVA', 2.9, 1, 'CIFEMPR100', NULL),
('Opinión Empresa 8', 'El proyecto fue desafiante pero enriquecedor.', 'POSITIVA', 4.3, 1, 'CIFEMPR107', NULL),
('Opinión Empresa 9', 'Repetiría la experiencia sin dudarlo.', 'NEUTRAL', 4.5, 1, 'CIFEMPR103', NULL),
('Opinión Empresa 10', 'Aprendí mucho durante mi estancia en la empresa.', 'NEGATIVA', 3.1, 1, 'CIFEMPR101', NULL),
('Opinión Empresa 11', 'Innovador y bien gestionado.', 'NEUTRAL', 2.8, 1, 'CIFEMPR107', NULL),
('Opinión Empresa 12', 'Podrían mejorar la comunicación interna.', 'POSITIVA', 4.8, 1, 'CIFEMPR100', NULL),
('Opinión Empresa 13', 'La formación fue útil y completa.', 'NEUTRAL', 2.8, 1, 'CIFEMPR112', NULL),
('Opinión Empresa 14', 'Repetiría la experiencia sin dudarlo.', 'POSITIVA', 4.3, 1, 'CIFEMPR108', NULL),
('Opinión Empresa 15', 'No cumplió con mis expectativas en general.', 'NEGATIVA', 3.6, 1, 'CIFEMPR111', NULL),
('Opinión Empresa 16', 'Repetiría la experiencia sin dudarlo.', 'POSITIVA', 3.0, 1, 'CIFEMPR112', NULL),
('Opinión Empresa 17', 'Innovador y bien gestionado.', 'NEGATIVA', 2.2, 1, 'CIFEMPR103', NULL),
('Opinión Empresa 18', 'Innovador y bien gestionado.', 'NEUTRAL', 2.7, 1, 'CIFEMPR103', NULL),
('Opinión Empresa 19', 'Buena dirección pero falta más feedback.', 'POSITIVA', 4.8, 1, 'CIFEMPR114', NULL),
('Opinión Empresa 20', 'Muy buena experiencia con esta empresa, trato excelente.', 'POSITIVA', 4.9, 1, 'CIFEMPR101', NULL),
('Opinión Empresa 21', 'Muy buena experiencia con esta empresa, trato excelente.', 'POSITIVA', 4.8, 1, 'CIFEMPR107', NULL),
('Opinión Empresa 22', 'Gran ambiente de trabajo y oportunidades de crecimiento.', 'POSITIVA', 4.6, 1, 'CIFEMPR105', NULL),
('Opinión Empresa 23', 'Repetiría la experiencia sin dudarlo.', 'NEUTRAL', 4.1, 1, 'CIFEMPR111', NULL),
('Opinión Empresa 24', 'No cumplió con mis expectativas en general.', 'NEGATIVA', 3.3, 1, 'CIFEMPR104', NULL),
('Opinión Empresa 25', 'La formación fue útil y completa.', 'POSITIVA', 4.0, 1, 'CIFEMPR102', NULL),
('Opinión Empresa 26', 'Buena dirección pero falta más feedback.', 'NEUTRAL', 3.6, 1, 'CIFEMPR106', NULL),
('Opinión Empresa 27', 'Buena dirección pero falta más feedback.', 'NEUTRAL', 4.8, 1, 'CIFEMPR106', NULL),
('Opinión Empresa 28', 'La formación fue útil y completa.', 'NEUTRAL', 3.5, 1, 'CIFEMPR104', NULL),
('Opinión Empresa 29', 'Innovador y bien gestionado.', 'POSITIVA', 3.8, 1, 'CIFEMPR114', NULL),
('Opinión Empresa 30', 'Innovador y bien gestionado.', 'POSITIVA', 4.3, 1, 'CIFEMPR100', NULL),
('Opinión Proyecto 1', 'Muy buena experiencia con esta empresa, trato excelente.', 'NEUTRAL', 2.6, 2, NULL, 1.0),
('Opinión Proyecto 2', 'La formación fue útil y completa.', 'POSITIVA', 4.1, 2, NULL, 2.0),
('Opinión Proyecto 3', 'La formación fue útil y completa.', 'POSITIVA', 4.8, 2, NULL, 3.0),
('Opinión Proyecto 4', 'Podrían mejorar la comunicación interna.', 'NEUTRAL', 3.6, 2, NULL, 4.0),
('Opinión Proyecto 5', 'La formación fue útil y completa.', 'NEUTRAL', 2.8, 2, NULL, 5.0),
('Opinión Proyecto 6', 'La formación fue útil y completa.', 'POSITIVA', 3.4, 2, NULL, 6.0),
('Opinión Proyecto 7', 'La formación fue útil y completa.', 'POSITIVA', 2.5, 2, NULL, 7.0),
('Opinión Proyecto 8', 'No cumplió con mis expectativas en general.', 'POSITIVA', 4.1, 2, NULL, 8.0),
('Opinión Proyecto 9', 'Gran ambiente de trabajo y oportunidades de crecimiento.', 'NEUTRAL', 3.3, 2, NULL, 9.0),
('Opinión Proyecto 10', 'Repetiría la experiencia sin dudarlo.', 'NEGATIVA', 2.4, 2, NULL, 10.0),
('Opinión Proyecto 11', 'La formación fue útil y completa.', 'NEGATIVA', 3.3, 2, NULL, 11.0),
('Opinión Proyecto 12', 'Gran ambiente de trabajo y oportunidades de crecimiento.', 'POSITIVA', 3.2, 2, NULL, 12.0),
('Opinión Proyecto 13', 'Muy buena experiencia con esta empresa, trato excelente.', 'NEUTRAL', 2.4, 2, NULL, 13.0),
('Opinión Proyecto 14', 'No cumplió con mis expectativas en general.', 'NEGATIVA', 2.6, 2, NULL, 14.0),
('Opinión Proyecto 15', 'La formación fue útil y completa.', 'NEGATIVA', 2.8, 2, NULL, 15.0),
('Opinión Proyecto 16', 'Repetiría la experiencia sin dudarlo.', 'NEUTRAL', 2.0, 2, NULL, 16.0),
('Opinión Proyecto 17', 'El proyecto fue desafiante pero enriquecedor.', 'NEUTRAL', 4.8, 2, NULL, 17.0),
('Opinión Proyecto 18', 'La formación fue útil y completa.', 'NEUTRAL', 2.9, 2, NULL, 18.0),
('Opinión Proyecto 19', 'No cumplió con mis expectativas en general.', 'NEGATIVA', 3.7, 2, NULL, 19.0),
('Opinión Proyecto 20', 'El proyecto fue desafiante pero enriquecedor.', 'POSITIVA', 3.0, 2, NULL, 20.0),
('Opinión Proyecto 21', 'El proyecto fue desafiante pero enriquecedor.', 'NEGATIVA', 4.4, 2, NULL, 21.0),
('Opinión Proyecto 22', 'La formación fue útil y completa.', 'NEGATIVA', 2.0, 2, NULL, 22.0),
('Opinión Proyecto 23', 'Repetiría la experiencia sin dudarlo.', 'NEGATIVA', 3.5, 2, NULL, 23.0),
('Opinión Proyecto 24', 'Muy buena experiencia con esta empresa, trato excelente.', 'NEUTRAL', 2.3, 2, NULL, 24.0),
('Opinión Proyecto 25', 'El proyecto fue desafiante pero enriquecedor.', 'POSITIVA', 2.2, 2, NULL, 25.0),
('Opinión Proyecto 26', 'Buena dirección pero falta más feedback.', 'NEGATIVA', 4.1, 2, NULL, 26.0),
('Opinión Proyecto 27', 'Aprendí mucho durante mi estancia en la empresa.', 'NEUTRAL', 3.6, 2, NULL, 27.0),
('Opinión Proyecto 28', 'La formación fue útil y completa.', 'NEGATIVA', 4.6, 2, NULL, 28.0),
('Opinión Proyecto 29', 'Podrían mejorar la comunicación interna.', 'NEUTRAL', 4.7, 2, NULL, 29.0),
('Opinión Proyecto 30', 'Aprendí mucho durante mi estancia en la empresa.', 'NEGATIVA', 2.1, 2, NULL, 30.0);
